State,State Code,District Code,Sub District Code,Level,Area_Name,Type,Number of villages,Unnamed: 7,Number of towns,Number of households,Population,Unnamed: 11,Unnamed: 12,Area_sq_km,Pop_Density,Unnamed: 15,Unnamed: 16,Unnamed: 17,Unnamed: 18,Unnamed: 19,Unnamed: 20,Unnamed: 21,Unnamed: 22,Unnamed: 23,Unnamed: 24,Unnamed: 25,Unnamed: 26,Unnamed: 27,Unnamed: 28,Unnamed: 29,Unnamed: 30,Unnamed: 31,Unnamed: 32,Unnamed: 33,Unnamed: 34,Unnamed: 35,Unnamed: 36,Unnamed: 37,Unnamed: 38,Unnamed: 39,Unnamed: 40,Unnamed: 41,Unnamed: 42,Unnamed: 43,Unnamed: 44,Unnamed: 45,Unnamed: 46,Unnamed: 47,Unnamed: 48,Unnamed: 49,Unnamed: 50,Unnamed: 51,Unnamed: 52,Unnamed: 53,Unnamed: 54,Unnamed: 55,Unnamed: 56,Unnamed: 57,Unnamed: 58,Unnamed: 59,Unnamed: 60,Unnamed: 61,Unnamed: 62,Unnamed: 63,Unnamed: 64,Unnamed: 65,Unnamed: 66,Unnamed: 67,Unnamed: 68,Unnamed: 69,Unnamed: 70,Unnamed: 71,Unnamed: 72,Unnamed: 73,Unnamed: 74,Unnamed: 75,Unnamed: 76,Unnamed: 77,Unnamed: 78,Unnamed: 79,Unnamed: 80,Unnamed: 81,Unnamed: 82,Unnamed: 83,Unnamed: 84,Unnamed: 85
Delhi,7.0,94.0,0.0,DISTRICT,New Delhi,Rural,0,0,0,0,,0,0,0.0,,,,,,,,,,,,,,,,,,,,,,,,,,,,,,,,,,,,,,,,,,,,,,,,,,,,,,,,,,,,,,,,,,,,,,,,
Delhi,7.0,94.0,0.0,DISTRICT,New Delhi,Total,0,0,0,"33,208",142004.0,"77,942","64,062",35.0,4057.0,,,,,,,,,,,,,,,,,,,,,,,,,,,,,,,,,,,,,,,,,,,,,,,,,,,,,,,,,,,,,,,,,,,,,,,
Delhi,7.0,94.0,0.0,DISTRICT,New Delhi,Urban,0,0,0,"33,208",142004.0,"77,942","64,062",35.0,4057.0,,,,,,,,,,,,,,,,,,,,,,,,,,,,,,,,,,,,,,,,,,,,,,,,,,,,,,,,,,,,,,,,,,,,,,,
Delhi,7.0,96.0,0.0,DISTRICT,West,Rural,2,0,0,"1,170",6420.0,"3,355","3,065",6.86,936.0,,,,,,,,,,,,,,,,,,,,,,,,,,,,,,,,,,,,,,,,,,,,,,,,,,,,,,,,,,,,,,,,,,,,,,,
Delhi,7.0,96.0,0.0,DISTRICT,West,Total,2,0,11,"5,33,221",2543243.0,"13,56,240","11,87,003",130.0,19563.0,,,,,,,,,,,,,,,,,,,,,,,,,,,,,,,,,,,,,,,,,,,,,,,,,,,,,,,,,,,,,,,,,,,,,,,
Delhi,7.0,96.0,0.0,DISTRICT,West,Urban,0,0,11,"5,32,051",2536823.0,"13,52,885","11,83,938",123.14,20601.0,,,,,,,,,,,,,,,,,,,,,,,,,,,,,,,,,,,,,,,,,,,,,,,,,,,,,,,,,,,,,,,,,,,,,,,
Delhi,7.0,92.0,437.0,SUB-DISTRICT,Shahdara,Rural,0,0,0,0,,0,0,0.0,,,,,,,,,,,,,,,,,,,,,,,,,,,,,,,,,,,,,,,,,,,,,,,,,,,,,,,,,,,,,,,,,,,,,,,,
Delhi,7.0,92.0,437.0,SUB-DISTRICT,Shahdara,Total,0,0,2,"58,246",322931.0,"1,69,409","1,53,522",5.41,59703.0,,,,,,,,,,,,,,,,,,,,,,,,,,,,,,,,,,,,,,,,,,,,,,,,,,,,,,,,,,,,,,,,,,,,,,,
Delhi,7.0,92.0,437.0,SUB-DISTRICT,Shahdara,Urban,0,0,2,"58,246",322931.0,"1,69,409","1,53,522",5.41,59703.0,,,,,,,,,,,,,,,,,,,,,,,,,,,,,,,,,,,,,,,,,,,,,,,,,,,,,,,,,,,,,,,,,,,,,,,
Haryana,6.0,81.0,0.0,DISTRICT,Bhiwani,Rural,442,2,0,"2,48,136",1313123.0,"6,96,212","6,16,911",4719.93,278.0,,,,,,,,,,,,,,,,,,,,,,,,,,,,,,,,,,,,,,,,,,,,,,,,,,,,,,,,,,,,,,,,,,,,,,,
Haryana,6.0,81.0,0.0,DISTRICT,Bhiwani,Total,442,2,6,"3,11,380",1634445.0,"8,66,672","7,67,773",4778.0,342.0,,,,,,,,,,,,,,,,,,,,,,,,,,,,,,,,,,,,,,,,,,,,,,,,,,,,,,,,,,,,,,,,,,,,,,,
Haryana,6.0,81.0,0.0,DISTRICT,Bhiwani,Urban,0,0,6,"63,244",321322.0,"1,70,460","1,50,862",58.07,5533.0,,,,,,,,,,,,,,,,,,,,,,,,,,,,,,,,,,,,,,,,,,,,,,,,,,,,,,,,,,,,,,,,,,,,,,,
Haryana,6.0,88.0,0.0,DISTRICT,Faridabad,Rural,144,5,0,"63,366",370878.0,"1,98,103","1,72,775",522.58,710.0,,,,,,,,,,,,,,,,,,,,,,,,,,,,,,,,,,,,,,,,,,,,,,,,,,,,,,,,,,,,,,,,,,,,,,,
Haryana,6.0,88.0,0.0,DISTRICT,Faridabad,Total,144,5,3,"3,58,919",1809733.0,"9,66,110","8,43,623",741.0,2442.0,,,,,,,,,,,,,,,,,,,,,,,,,,,,,,,,,,,,,,,,,,,,,,,,,,,,,,,,,,,,,,,,,,,,,,,
Haryana,6.0,88.0,0.0,DISTRICT,Faridabad,Urban,0,0,3,"2,95,553",1438855.0,"7,68,007","6,70,848",218.42,6588.0,,,,,,,,,,,,,,,,,,,,,,,,,,,,,,,,,,,,,,,,,,,,,,,,,,,,,,,,,,,,,,,,,,,,,,,
Haryana,6.0,86.0,0.0,DISTRICT,Gurgaon,Rural,229,13,0,"88,678",472179.0,"2,51,462","2,20,717",976.65,483.0,,,,,,,,,,,,,,,,,,,,,,,,,,,,,,,,,,,,,,,,,,,,,,,,,,,,,,,,,,,,,,,,,,,,,,,
Haryana,6.0,86.0,0.0,DISTRICT,Gurgaon,Total,229,13,9,"3,26,428",1514432.0,"8,16,690","6,97,742",1258.0,1204.0,,,,,,,,,,,,,,,,,,,,,,,,,,,,,,,,,,,,,,,,,,,,,,,,,,,,,,,,,,,,,,,,,,,,,,,
Haryana,6.0,86.0,0.0,DISTRICT,Gurgaon,Urban,0,0,9,"2,37,750",1042253.0,"5,65,228","4,77,025",281.35,3704.0,,,,,,,,,,,,,,,,,,,,,,,,,,,,,,,,,,,,,,,,,,,,,,,,,,,,,,,,,,,,,,,,,,,,,,,
Haryana,6.0,83.0,0.0,DISTRICT,Jhajjar,Rural,247,13,0,"1,36,503",715066.0,"3,84,219","3,30,847",1752.88,408.0,,,,,,,,,,,,,,,,,,,,,,,,,,,,,,,,,,,,,,,,,,,,,,,,,,,,,,,,,,,,,,,,,,,,,,,
Haryana,6.0,83.0,0.0,DISTRICT,Jhajjar,Total,247,13,5,"1,85,334",958405.0,"5,14,667","4,43,738",1834.0,523.0,,,,,,,,,,,,,,,,,,,,,,,,,,,,,,,,,,,,,,,,,,,,,,,,,,,,,,,,,,,,,,,,,,,,,,,
Haryana,6.0,83.0,0.0,DISTRICT,Jhajjar,Urban,0,0,5,"48,831",243339.0,"1,30,448","1,12,891",81.12,3000.0,,,,,,,,,,,,,,,,,,,,,,,,,,,,,,,,,,,,,,,,,,,,,,,,,,,,,,,,,,,,,,,,,,,,,,,
Haryana,6.0,77.0,0.0,DISTRICT,Jind,Rural,302,4,0,"1,90,875",1028569.0,"5,50,519","4,78,050",2626.74,392.0,,,,,,,,,,,,,,,,,,,,,,,,,,,,,,,,,,,,,,,,,,,,,,,,,,,,,,,,,,,,,,,,,,,,,,,
Haryana,6.0,77.0,0.0,DISTRICT,Jind,Total,302,4,6,"2,49,736",1334152.0,"7,13,006","6,21,146",2702.0,494.0,,,,,,,,,,,,,,,,,,,,,,,,,,,,,,,,,,,,,,,,,,,,,,,,,,,,,,,,,,,,,,,,,,,,,,,
Haryana,6.0,77.0,0.0,DISTRICT,Jind,Urban,0,0,6,"58,861",305583.0,"1,62,487","1,43,096",75.26,4060.0,,,,,,,,,,,,,,,,,,,,,,,,,,,,,,,,,,,,,,,,,,,,,,,,,,,,,,,,,,,,,,,,,,,,,,,
Haryana,6.0,74.0,0.0,DISTRICT,Karnal,Rural,417,17,0,"1,98,594",1050514.0,"5,57,110","4,93,404",2451.05,429.0,,,,,,,,,,,,,,,,,,,,,,,,,,,,,,,,,,,,,,,,,,,,,,,,,,,,,,,,,,,,,,,,,,,,,,,
Haryana,6.0,74.0,0.0,DISTRICT,Karnal,Total,417,17,8,"2,92,084",1505324.0,"7,97,712","7,07,612",2520.0,597.0,,,,,,,,,,,,,,,,,,,,,,,,,,,,,,,,,,,,,,,,,,,,,,,,,,,,,,,,,,,,,,,,,,,,,,,
Haryana,6.0,74.0,0.0,DISTRICT,Karnal,Urban,0,0,8,"93,490",454810.0,"2,40,602","2,14,208",68.95,6596.0,,,,,,,,,,,,,,,,,,,,,,,,,,,,,,,,,,,,,,,,,,,,,,,,,,,,,,,,,,,,,,,,,,,,,,,
Haryana,6.0,84.0,0.0,DISTRICT,Mahendragarh,Rural,369,1,0,"1,47,122",789233.0,"4,16,358","3,72,875",1866.02,423.0,,,,,,,,,,,,,,,,,,,,,,,,,,,,,,,,,,,,,,,,,,,,,,,,,,,,,,,,,,,,,,,,,,,,,,,
Haryana,6.0,84.0,0.0,DISTRICT,Mahendragarh,Total,369,1,5,"1,71,712",922088.0,"4,86,665","4,35,423",1899.0,486.0,,,,,,,,,,,,,,,,,,,,,,,,,,,,,,,,,,,,,,,,,,,,,,,,,,,,,,,,,,,,,,,,,,,,,,,
Haryana,6.0,84.0,0.0,DISTRICT,Mahendragarh,Urban,0,0,5,"24,590",132855.0,"70,307","62,548",32.98,4028.0,,,,,,,,,,,,,,,,,,,,,,,,,,,,,,,,,,,,,,,,,,,,,,,,,,,,,,,,,,,,,,,,,,,,,,,
Haryana,6.0,89.0,0.0,DISTRICT,Palwal ,Rural,268,12,0,"1,29,696",806164.0,"4,28,907","3,77,257",1311.9,615.0,,,,,,,,,,,,,,,,,,,,,,,,,,,,,,,,,,,,,,,,,,,,,,,,,,,,,,,,,,,,,,,,,,,,,,,
Haryana,6.0,89.0,0.0,DISTRICT,Palwal ,Total,268,12,6,"1,71,157",1042708.0,"5,54,497","4,88,211",1359.0,767.0,,,,,,,,,,,,,,,,,,,,,,,,,,,,,,,,,,,,,,,,,,,,,,,,,,,,,,,,,,,,,,,,,,,,,,,
Haryana,6.0,89.0,0.0,DISTRICT,Palwal ,Urban,0,0,6,"41,461",236544.0,"1,25,590","1,10,954",47.1,5022.0,,,,,,,,,,,,,,,,,,,,,,,,,,,,,,,,,,,,,,,,,,,,,,,,,,,,,,,,,,,,,,,,,,,,,,,
Haryana,6.0,75.0,0.0,DISTRICT,Panipat,Rural,176,10,0,"1,21,876",650352.0,"3,49,642","3,00,710",1188.65,547.0,,,,,,,,,,,,,,,,,,,,,,,,,,,,,,,,,,,,,,,,,,,,,,,,,,,,,,,,,,,,,,,,,,,,,,,
Haryana,6.0,75.0,0.0,DISTRICT,Panipat,Total,176,10,12,"2,35,640",1205437.0,"6,46,857","5,58,580",1268.0,951.0,,,,,,,,,,,,,,,,,,,,,,,,,,,,,,,,,,,,,,,,,,,,,,,,,,,,,,,,,,,,,,,,,,,,,,,
Haryana,6.0,75.0,0.0,DISTRICT,Panipat,Urban,0,0,12,"1,13,764",555085.0,"2,97,215","2,57,870",79.35,6995.0,,,,,,,,,,,,,,,,,,,,,,,,,,,,,,,,,,,,,,,,,,,,,,,,,,,,,,,,,,,,,,,,,,,,,,,
Haryana,6.0,85.0,0.0,DISTRICT,Rewari,Rural,389,14,0,"1,30,299",666902.0,"3,49,710","3,17,192",1529.11,436.0,,,,,,,,,,,,,,,,,,,,,,,,,,,,,,,,,,,,,,,,,,,,,,,,,,,,,,,,,,,,,,,,,,,,,,,
Haryana,6.0,85.0,0.0,DISTRICT,Rewari,Total,389,14,9,"1,78,043",900332.0,"4,74,335","4,25,997",1594.0,565.0,,,,,,,,,,,,,,,,,,,,,,,,,,,,,,,,,,,,,,,,,,,,,,,,,,,,,,,,,,,,,,,,,,,,,,,
Haryana,6.0,85.0,0.0,DISTRICT,Rewari,Urban,0,0,9,"47,744",233430.0,"1,24,625","1,08,805",64.89,3597.0,,,,,,,,,,,,,,,,,,,,,,,,,,,,,,,,,,,,,,,,,,,,,,,,,,,,,,,,,,,,,,,,,,,,,,,
Haryana,6.0,82.0,0.0,DISTRICT,Rohtak,Rural,136,7,0,"1,17,450",615040.0,"3,32,034","2,83,006",1639.02,375.0,,,,,,,,,,,,,,,,,,,,,,,,,,,,,,,,,,,,,,,,,,,,,,,,,,,,,,,,,,,,,,,,,,,,,,,
Haryana,6.0,82.0,0.0,DISTRICT,Rohtak,Total,136,7,5,"2,06,988",1061204.0,"5,68,479","4,92,725",1745.0,608.0,,,,,,,,,,,,,,,,,,,,,,,,,,,,,,,,,,,,,,,,,,,,,,,,,,,,,,,,,,,,,,,,,,,,,,,
Haryana,6.0,82.0,0.0,DISTRICT,Rohtak,Urban,0,0,5,"89,538",446164.0,"2,36,445","2,09,719",105.98,4210.0,,,,,,,,,,,,,,,,,,,,,,,,,,,,,,,,,,,,,,,,,,,,,,,,,,,,,,,,,,,,,,,,,,,,,,,
Haryana,6.0,76.0,0.0,DISTRICT,Sonipat,Rural,319,13,0,"1,87,552",996637.0,"5,38,750","4,57,887",2039.99,489.0,,,,,,,,,,,,,,,,,,,,,,,,,,,,,,,,,,,,,,,,,,,,,,,,,,,,,,,,,,,,,,,,,,,,,,,
Haryana,6.0,76.0,0.0,DISTRICT,Sonipat,Total,319,13,8,"2,77,726",1450001.0,"7,81,299","6,68,702",2122.0,683.0,,,,,,,,,,,,,,,,,,,,,,,,,,,,,,,,,,,,,,,,,,,,,,,,,,,,,,,,,,,,,,,,,,,,,,,
Haryana,6.0,76.0,0.0,DISTRICT,Sonipat,Urban,0,0,8,"90,174",453364.0,"2,42,549","2,10,815",82.01,5528.0,,,,,,,,,,,,,,,,,,,,,,,,,,,,,,,,,,,,,,,,,,,,,,,,,,,,,,,,,,,,,,,,,,,,,,,
Haryana,6.0,81.0,398.0,SUB-DISTRICT,Bhiwani,Rural,82,0,0,"68,087",357641.0,"1,91,355","1,66,286",932.36,384.0,,,,,,,,,,,,,,,,,,,,,,,,,,,,,,,,,,,,,,,,,,,,,,,,,,,,,,,,,,,,,,,,,,,,,,,
Haryana,6.0,81.0,398.0,SUB-DISTRICT,Bhiwani,Total,82,0,1,"1,07,432",553698.0,"2,95,381","2,58,317",960.0,577.0,,,,,,,,,,,,,,,,,,,,,,,,,,,,,,,,,,,,,,,,,,,,,,,,,,,,,,,,,,,,,,,,,,,,,,,
Haryana,6.0,81.0,398.0,SUB-DISTRICT,Bhiwani,Urban,0,0,1,"39,345",196057.0,"1,04,026","92,031",27.64,7093.0,,,,,,,,,,,,,,,,,,,,,,,,,,,,,,,,,,,,,,,,,,,,,,,,,,,,,,,,,,,,,,,,,,,,,,,
Haryana,6.0,88.0,425.0,SUB-DISTRICT,Faridabad,Rural,62,3,0,"26,689",160275.0,"86,260","74,015",137.08,1169.0,,,,,,,,,,,,,,,,,,,,,,,,,,,,,,,,,,,,,,,,,,,,,,,,,,,,,,,,,,,,,,,,,,,,,,,
Haryana,6.0,88.0,425.0,SUB-DISTRICT,Faridabad,Total,62,3,2,"3,21,456",1594839.0,"8,51,917","7,42,922",351.0,4544.0,,,,,,,,,,,,,,,,,,,,,,,,,,,,,,,,,,,,,,,,,,,,,,,,,,,,,,,,,,,,,,,,,,,,,,,
Haryana,6.0,88.0,425.0,SUB-DISTRICT,Faridabad,Urban,0,0,2,"2,94,767",1434564.0,"7,65,657","6,68,907",213.92,6706.0,,,,,,,,,,,,,,,,,,,,,,,,,,,,,,,,,,,,,,,,,,,,,,,,,,,,,,,,,,,,,,,,,,,,,,,
Haryana,6.0,86.0,417.0,SUB-DISTRICT,Gurgaon,Rural,32,1,0,"12,712",67331.0,"36,026","31,305",131.83,511.0,,,,,,,,,,,,,,,,,,,,,,,,,,,,,,,,,,,,,,,,,,,,,,,,,,,,,,,,,,,,,,,,,,,,,,,
Haryana,6.0,86.0,417.0,SUB-DISTRICT,Gurgaon,Total,32,1,3,"2,25,460",977337.0,"5,28,493","4,48,844",333.22,2933.0,,,,,,,,,,,,,,,,,,,,,,,,,,,,,,,,,,,,,,,,,,,,,,,,,,,,,,,,,,,,,,,,,,,,,,,
Haryana,6.0,86.0,417.0,SUB-DISTRICT,Gurgaon,Urban,0,0,3,"2,12,748",910006.0,"4,92,467","4,17,539",201.39,4519.0,,,,,,,,,,,,,,,,,,,,,,,,,,,,,,,,,,,,,,,,,,,,,,,,,,,,,,,,,,,,,,,,,,,,,,,
Haryana,6.0,83.0,409.0,SUB-DISTRICT,Jhajjar,Rural,97,4,0,"39,301",208862.0,"1,10,998","97,864",570.06,366.0,,,,,,,,,,,,,,,,,,,,,,,,,,,,,,,,,,,,,,,,,,,,,,,,,,,,,,,,,,,,,,,,,,,,,,,
Haryana,6.0,83.0,409.0,SUB-DISTRICT,Jhajjar,Total,97,4,2,"48,705",258595.0,"1,37,346","1,21,249",610.36,424.0,,,,,,,,,,,,,,,,,,,,,,,,,,,,,,,,,,,,,,,,,,,,,,,,,,,,,,,,,,,,,,,,,,,,,,,
Haryana,6.0,83.0,409.0,SUB-DISTRICT,Jhajjar,Urban,0,0,2,"9,404",49733.0,"26,348","23,385",40.3,1234.0,,,,,,,,,,,,,,,,,,,,,,,,,,,,,,,,,,,,,,,,,,,,,,,,,,,,,,,,,,,,,,,,,,,,,,,
Haryana,6.0,77.0,383.0,SUB-DISTRICT,Jind,Rural,96,2,0,"57,758",309202.0,"1,65,870","1,43,332",775.35,399.0,,,,,,,,,,,,,,,,,,,,,,,,,,,,,,,,,,,,,,,,,,,,,,,,,,,,,,,,,,,,,,,,,,,,,,,
Haryana,6.0,77.0,383.0,SUB-DISTRICT,Jind,Total,96,2,1,"90,518",476794.0,"2,55,123","2,21,671",817.35,583.0,,,,,,,,,,,,,,,,,,,,,,,,,,,,,,,,,,,,,,,,,,,,,,,,,,,,,,,,,,,,,,,,,,,,,,,
Haryana,6.0,77.0,383.0,SUB-DISTRICT,Jind,Urban,0,0,1,"32,760",167592.0,"89,253","78,339",42.0,3990.0,,,,,,,,,,,,,,,,,,,,,,,,,,,,,,,,,,,,,,,,,,,,,,,,,,,,,,,,,,,,,,,,,,,,,,,
Haryana,6.0,74.0,372.0,SUB-DISTRICT,Karnal,Rural,130,11,0,"73,853",385828.0,"2,05,154","1,80,674",790.26,488.0,,,,,,,,,,,,,,,,,,,,,,,,,,,,,,,,,,,,,,,,,,,,,,,,,,,,,,,,,,,,,,,,,,,,,,,
Haryana,6.0,74.0,372.0,SUB-DISTRICT,Karnal,Total,130,11,3,"1,42,301",714328.0,"3,79,036","3,35,292",830.39,860.0,,,,,,,,,,,,,,,,,,,,,,,,,,,,,,,,,,,,,,,,,,,,,,,,,,,,,,,,,,,,,,,,,,,,,,,
Haryana,6.0,74.0,372.0,SUB-DISTRICT,Karnal,Urban,0,0,3,"68,448",328500.0,"1,73,882","1,54,618",40.13,8186.0,,,,,,,,,,,,,,,,,,,,,,,,,,,,,,,,,,,,,,,,,,,,,,,,,,,,,,,,,,,,,,,,,,,,,,,
Haryana,6.0,84.0,411.0,SUB-DISTRICT,Mahendragarh,Rural,149,0,0,"69,316",362264.0,"1,90,767","1,71,497",963.7,376.0,,,,,,,,,,,,,,,,,,,,,,,,,,,,,,,,,,,,,,,,,,,,,,,,,,,,,,,,,,,,,,,,,,,,,,,
Haryana,6.0,84.0,411.0,SUB-DISTRICT,Mahendragarh,Total,149,0,2,"77,111",404381.0,"2,12,891","1,91,490",976.66,414.0,,,,,,,,,,,,,,,,,,,,,,,,,,,,,,,,,,,,,,,,,,,,,,,,,,,,,,,,,,,,,,,,,,,,,,,
Haryana,6.0,84.0,411.0,SUB-DISTRICT,Mahendragarh,Urban,0,0,2,"7,795",42117.0,"22,124","19,993",12.96,3250.0,,,,,,,,,,,,,,,,,,,,,,,,,,,,,,,,,,,,,,,,,,,,,,,,,,,,,,,,,,,,,,,,,,,,,,,
Haryana,6.0,87.0,422.0,SUB-DISTRICT,Nuh,Rural,103,15,0,"38,714",265114.0,"1,39,678","1,25,436",455.02,583.0,,,,,,,,,,,,,,,,,,,,,,,,,,,,,,,,,,,,,,,,,,,,,,,,,,,,,,,,,,,,,,,,,,,,,,,
Haryana,6.0,87.0,422.0,SUB-DISTRICT,Nuh,Total,103,15,2,"42,213",287101.0,"1,51,232","1,35,869",465.41,617.0,,,,,,,,,,,,,,,,,,,,,,,,,,,,,,,,,,,,,,,,,,,,,,,,,,,,,,,,,,,,,,,,,,,,,,,
Haryana,6.0,87.0,422.0,SUB-DISTRICT,Nuh,Urban,0,0,2,"3,499",21987.0,"11,554","10,433",10.39,2116.0,,,,,,,,,,,,,,,,,,,,,,,,,,,,,,,,,,,,,,,,,,,,,,,,,,,,,,,,,,,,,,,,,,,,,,,
Haryana,6.0,89.0,427.0,SUB-DISTRICT,Palwal,Rural,143,3,0,"57,832",345842.0,"1,84,610","1,61,232",581.88,594.0,,,,,,,,,,,,,,,,,,,,,,,,,,,,,,,,,,,,,,,,,,,,,,,,,,,,,,,,,,,,,,,,,,,,,,,
Haryana,6.0,89.0,427.0,SUB-DISTRICT,Palwal,Total,143,3,3,"86,487",506253.0,"2,69,768","2,36,485",618.6,818.0,,,,,,,,,,,,,,,,,,,,,,,,,,,,,,,,,,,,,,,,,,,,,,,,,,,,,,,,,,,,,,,,,,,,,,,
Haryana,6.0,89.0,427.0,SUB-DISTRICT,Palwal,Urban,0,0,3,"28,655",160411.0,"85,158","75,253",36.72,4368.0,,,,,,,,,,,,,,,,,,,,,,,,,,,,,,,,,,,,,,,,,,,,,,,,,,,,,,,,,,,,,,,,,,,,,,,
Haryana,6.0,75.0,375.0,SUB-DISTRICT,Panipat,Rural,75,1,0,"53,285",276259.0,"1,48,063","1,28,196",461.62,598.0,,,,,,,,,,,,,,,,,,,,,,,,,,,,,,,,,,,,,,,,,,,,,,,,,,,,,,,,,,,,,,,,,,,,,,,
Haryana,6.0,75.0,375.0,SUB-DISTRICT,Panipat,Total,75,1,11,"1,58,921",791634.0,"4,23,899","3,67,735",536.31,1476.0,,,,,,,,,,,,,,,,,,,,,,,,,,,,,,,,,,,,,,,,,,,,,,,,,,,,,,,,,,,,,,,,,,,,,,,
Haryana,6.0,75.0,375.0,SUB-DISTRICT,Panipat,Urban,0,0,11,"1,05,636",515375.0,"2,75,836","2,39,539",74.69,6900.0,,,,,,,,,,,,,,,,,,,,,,,,,,,,,,,,,,,,,,,,,,,,,,,,,,,,,,,,,,,,,,,,,,,,,,,
Haryana,6.0,85.0,414.0,SUB-DISTRICT,Rewari,Rural,258,11,0,"86,215",436188.0,"2,28,883","2,07,305",943.01,463.0,,,,,,,,,,,,,,,,,,,,,,,,,,,,,,,,,,,,,,,,,,,,,,,,,,,,,,,,,,,,,,,,,,,,,,,
Haryana,6.0,85.0,414.0,SUB-DISTRICT,Rewari,Total,258,11,7,"1,28,987",642872.0,"3,39,429","3,03,443",998.5,644.0,,,,,,,,,,,,,,,,,,,,,,,,,,,,,,,,,,,,,,,,,,,,,,,,,,,,,,,,,,,,,,,,,,,,,,,
Haryana,6.0,85.0,414.0,SUB-DISTRICT,Rewari,Urban,0,0,7,"42,772",206684.0,"1,10,546","96,138",55.49,3725.0,,,,,,,,,,,,,,,,,,,,,,,,,,,,,,,,,,,,,,,,,,,,,,,,,,,,,,,,,,,,,,,,,,,,,,,
Haryana,6.0,82.0,405.0,SUB-DISTRICT,Rohtak,Rural,83,7,0,"62,889",329211.0,"1,77,499","1,51,712",852.43,386.0,,,,,,,,,,,,,,,,,,,,,,,,,,,,,,,,,,,,,,,,,,,,,,,,,,,,,,,,,,,,,,,,,,,,,,,
Haryana,6.0,82.0,405.0,SUB-DISTRICT,Rohtak,Total,83,7,3,"1,44,512",734328.0,"3,92,188","3,42,140",937.23,784.0,,,,,,,,,,,,,,,,,,,,,,,,,,,,,,,,,,,,,,,,,,,,,,,,,,,,,,,,,,,,,,,,,,,,,,,
Haryana,6.0,82.0,405.0,SUB-DISTRICT,Rohtak,Urban,0,0,3,"81,623",405117.0,"2,14,689","1,90,428",84.8,4777.0,,,,,,,,,,,,,,,,,,,,,,,,,,,,,,,,,,,,,,,,,,,,,,,,,,,,,,,,,,,,,,,,,,,,,,,
Haryana,6.0,76.0,380.0,SUB-DISTRICT,Sonipat,Rural,135,6,0,"71,990",383181.0,"2,07,546","1,75,635",648.55,591.0,,,,,,,,,,,,,,,,,,,,,,,,,,,,,,,,,,,,,,,,,,,,,,,,,,,,,,,,,,,,,,,,,,,,,,,
Haryana,6.0,76.0,380.0,SUB-DISTRICT,Sonipat,Total,135,6,5,"1,38,173",710183.0,"3,82,835","3,27,348",708.36,1003.0,,,,,,,,,,,,,,,,,,,,,,,,,,,,,,,,,,,,,,,,,,,,,,,,,,,,,,,,,,,,,,,,,,,,,,,
Haryana,6.0,76.0,380.0,SUB-DISTRICT,Sonipat,Urban,0,0,5,"66,183",327002.0,"1,75,289","1,51,713",59.81,5467.0,,,,,,,,,,,,,,,,,,,,,,,,,,,,,,,,,,,,,,,,,,,,,,,,,,,,,,,,,,,,,,,,,,,,,,,
Rajasthan,8.0,104.0,0.0,DISTRICT,Alwar,Rural,"2,021",33,0,"5,11,517",3019728.0,"15,89,508","14,30,220",8146.42,371.0,,,,,,,,,,,,,,,,,,,,,,,,,,,,,,,,,,,,,,,,,,,,,,,,,,,,,,,,,,,,,,,,,,,,,,,
Rajasthan,8.0,104.0,0.0,DISTRICT,Alwar,Total,"2,021",33,16,"6,39,720",3674179.0,"19,39,026","17,35,153",8380.0,438.0,,,,,,,,,,,,,,,,,,,,,,,,,,,,,,,,,,,,,,,,,,,,,,,,,,,,,,,,,,,,,,,,,,,,,,,
Rajasthan,8.0,104.0,0.0,DISTRICT,Alwar,Urban,0,0,16,"1,28,203",654451.0,"3,49,518","3,04,933",233.58,2802.0,,,,,,,,,,,,,,,,,,,,,,,,,,,,,,,,,,,,,,,,,,,,,,,,,,,,,,,,,,,,,,,,,,,,,,,
Rajasthan,8.0,105.0,0.0,DISTRICT,Bharatpur,Rural,"1,432",92,0,"3,38,689",2053363.0,"10,93,357","9,60,006",4916.38,418.0,,,,,,,,,,,,,,,,,,,,,,,,,,,,,,,,,,,,,,,,,,,,,,,,,,,,,,,,,,,,,,,,,,,,,,,
Rajasthan,8.0,105.0,0.0,DISTRICT,Bharatpur,Total,"1,432",92,10,"4,25,414",2548462.0,"13,55,726","11,92,736",5066.0,503.0,,,,,,,,,,,,,,,,,,,,,,,,,,,,,,,,,,,,,,,,,,,,,,,,,,,,,,,,,,,,,,,,,,,,,,,
Rajasthan,8.0,105.0,0.0,DISTRICT,Bharatpur,Urban,0,0,10,"86,725",495099.0,"2,62,369","2,32,730",149.62,3309.0,,,,,,,,,,,,,,,,,,,,,,,,,,,,,,,,,,,,,,,,,,,,,,,,,,,,,,,,,,,,,,,,,,,,,,,
Rajasthan,8.0,104.0,499.0,SUB-DISTRICT,Alwar,Rural,195,2,0,"59,433",355128.0,"1,87,403","1,67,725",1135.06,313.0,,,,,,,,,,,,,,,,,,,,,,,,,,,,,,,,,,,,,,,,,,,,,,,,,,,,,,,,,,,,,,,,,,,,,,,
Rajasthan,8.0,104.0,499.0,SUB-DISTRICT,Alwar,Total,195,2,4,"1,27,212",703856.0,"3,71,781","3,32,075",1201.59,586.0,,,,,,,,,,,,,,,,,,,,,,,,,,,,,,,,,,,,,,,,,,,,,,,,,,,,,,,,,,,,,,,,,,,,,,,
Rajasthan,8.0,104.0,499.0,SUB-DISTRICT,Alwar,Urban,0,0,4,"67,779",348728.0,"1,84,378","1,64,350",66.53,5242.0,,,,,,,,,,,,,,,,,,,,,,,,,,,,,,,,,,,,,,,,,,,,,,,,,,,,,,,,,,,,,,,,,,,,,,,
Rajasthan,8.0,105.0,511.0,SUB-DISTRICT,Bharatpur,Rural,175,18,0,"33,026",200177.0,"1,06,496","93,681",441.42,453.0,,,,,,,,,,,,,,,,,,,,,,,,,,,,,,,,,,,,,,,,,,,,,,,,,,,,,,,,,,,,,,,,,,,,,,,
Rajasthan,22.0,400,3231,SUB-DISTRICT,Bharatpur,Rural,175,8,0,"23,227",88750.0,"44,528","44,222",2347.82,38.0,,,,,,,,,,,,,,,,,,,,,,,,,,,,,,,,,,,,,,,,,,,,,,,,,,,,,,,,,,,,,,,,,,,,,,,
Rajasthan,8.0,105.0,511.0,SUB-DISTRICT,Bharatpur,Total,175,18,1,"78,940",453015.0,"2,40,536","2,12,479",501.49,903.0,,,,,,,,,,,,,,,,,,,,,,,,,,,,,,,,,,,,,,,,,,,,,,,,,,,,,,,,,,,,,,,,,,,,,,,
Rajasthan,22.0,400,3231,SUB-DISTRICT,Bharatpur,Total,175,8,0,"23,227",88750.0,"44,528","44,222",2347.82,38.0,,,,,,,,,,,,,,,,,,,,,,,,,,,,,,,,,,,,,,,,,,,,,,,,,,,,,,,,,,,,,,,,,,,,,,,
Rajasthan,8.0,105.0,511.0,SUB-DISTRICT,Bharatpur,Urban,0,0,1,"45,914",252838.0,"1,34,040","1,18,798",60.07,4209.0,,,,,,,,,,,,,,,,,,,,,,,,,,,,,,,,,,,,,,,,,,,,,,,,,,,,,,,,,,,,,,,,,,,,,,,
Rajasthan,22.0,400,3231,SUB-DISTRICT,Bharatpur,Urban,0,0,0,0,,0,0,0.0,,,,,,,,,,,,,,,,,,,,,,,,,,,,,,,,,,,,,,,,,,,,,,,,,,,,,,,,,,,,,,,,,,,,,,,,
Unknown,7.0,95.0,0.0,DISTRICT,Central,Rural,0,0,0,0,,0,0,0.0,,,,,,,,,,,,,,,,,,,,,,,,,,,,,,,,,,,,,,,,,,,,,,,,,,,,,,,,,,,,,,,,,,,,,,,,
Unknown,7.0,95.0,0.0,DISTRICT,Central,Total,0,0,0,"1,19,639",582320.0,"3,07,821","2,74,499",21.0,27730.0,,,,,,,,,,,,,,,,,,,,,,,,,,,,,,,,,,,,,,,,,,,,,,,,,,,,,,,,,,,,,,,,,,,,,,,
Unknown,7.0,95.0,0.0,DISTRICT,Central,Urban,0,0,0,"1,19,639",582320.0,"3,07,821","2,74,499",21.0,27730.0,,,,,,,,,,,,,,,,,,,,,,,,,,,,,,,,,,,,,,,,,,,,,,,,,,,,,,,,,,,,,,,,,,,,,,,
Unknown,7.0,93.0,0.0,DISTRICT,East,Rural,1,0,0,875,3530.0,"1,861","1,669",0.27,13074.0,,,,,,,,,,,,,,,,,,,,,,,,,,,,,,,,,,,,,,,,,,,,,,,,,,,,,,,,,,,,,,,,,,,,,,,
Unknown,7.0,93.0,0.0,DISTRICT,East,Total,1,0,7,"3,58,937",1709346.0,"9,07,500","8,01,846",63.0,27132.0,,,,,,,,,,,,,,,,,,,,,,,,,,,,,,,,,,,,,,,,,,,,,,,,,,,,,,,,,,,,,,,,,,,,,,,
Unknown,7.0,93.0,0.0,DISTRICT,East,Urban,0,0,7,"3,58,062",1705816.0,"9,05,639","8,00,177",62.73,27193.0,,,,,,,,,,,,,,,,,,,,,,,,,,,,,,,,,,,,,,,,,,,,,,,,,,,,,,,,,,,,,,,,,,,,,,,
Unknown,7.0,91.0,0.0,DISTRICT,North,Rural,2,2,0,"3,312",17746.0,"9,546","8,200",9.62,1845.0,,,,,,,,,,,,,,,,,,,,,,,,,,,,,,,,,,,,,,,,,,,,,,,,,,,,,,,,,,,,,,,,,,,,,,,
Unknown,7.0,91.0,0.0,DISTRICT,North,Total,2,2,4,"1,80,044",887978.0,"4,75,002","4,12,976",61.0,14557.0,,,,,,,,,,,,,,,,,,,,,,,,,,,,,,,,,,,,,,,,,,,,,,,,,,,,,,,,,,,,,,,,,,,,,,,
Unknown,7.0,91.0,0.0,DISTRICT,North,Urban,0,0,4,"1,76,732",870232.0,"4,65,456","4,04,776",51.38,16937.0,,,,,,,,,,,,,,,,,,,,,,,,,,,,,,,,,,,,,,,,,,,,,,,,,,,,,,,,,,,,,,,,,,,,,,,
Unknown,7.0,92.0,0.0,DISTRICT,North East,Rural,8,1,0,"3,938",21527.0,"11,718","9,809",14.63,1471.0,,,,,,,,,,,,,,,,,,,,,,,,,,,,,,,,,,,,,,,,,,,,,,,,,,,,,,,,,,,,,,,,,,,,,,,
Unknown,7.0,92.0,0.0,DISTRICT,North East,Total,8,1,15,"4,06,125",2241624.0,"11,88,425","10,53,199",62.0,36155.0,,,,,,,,,,,,,,,,,,,,,,,,,,,,,,,,,,,,,,,,,,,,,,,,,,,,,,,,,,,,,,,,,,,,,,,
Unknown,7.0,92.0,0.0,DISTRICT,North East,Urban,0,0,15,"4,02,187",2220097.0,"11,76,707","10,43,390",47.37,46867.0,,,,,,,,,,,,,,,,,,,,,,,,,,,,,,,,,,,,,,,,,,,,,,,,,,,,,,,,,,,,,,,,,,,,,,,
Unknown,7.0,90.0,0.0,DISTRICT,North West,Rural,48,4,0,"40,500",213950.0,"1,15,680","98,270",170.75,1253.0,,,,,,,,,,,,,,,,,,,,,,,,,,,,,,,,,,,,,,,,,,,,,,,,,,,,,,,,,,,,,,,,,,,,,,,
Unknown,7.0,90.0,0.0,DISTRICT,North West,Total,48,4,34,"7,36,253",3656539.0,"19,60,922","16,95,617",443.0,8254.0,,,,,,,,,,,,,,,,,,,,,,,,,,,,,,,,,,,,,,,,,,,,,,,,,,,,,,,,,,,,,,,,,,,,,,,
Unknown,7.0,90.0,0.0,DISTRICT,North West,Urban,0,0,34,"6,95,753",3442589.0,"18,45,242","15,97,347",272.25,12645.0,,,,,,,,,,,,,,,,,,,,,,,,,,,,,,,,,,,,,,,,,,,,,,,,,,,,,,,,,,,,,,,,,,,,,,,
Unknown,7.0,98.0,0.0,DISTRICT,South,Rural,3,0,0,"2,457",12193.0,"6,819","5,374",13.15,927.0,,,,,,,,,,,,,,,,,,,,,,,,,,,,,,,,,,,,,,,,,,,,,,,,,,,,,,,,,,,,,,,,,,,,,,,
Unknown,7.0,98.0,0.0,DISTRICT,South,Total,3,0,23,"5,74,133",2731929.0,"14,67,428","12,64,501",247.0,11060.0,,,,,,,,,,,,,,,,,,,,,,,,,,,,,,,,,,,,,,,,,,,,,,,,,,,,,,,,,,,,,,,,,,,,,,,
Unknown,7.0,98.0,0.0,DISTRICT,South,Urban,0,0,23,"5,71,676",2719736.0,"14,60,609","12,59,127",233.85,11630.0,,,,,,,,,,,,,,,,,,,,,,,,,,,,,,,,,,,,,,,,,,,,,,,,,,,,,,,,,,,,,,,,,,,,,,,
Unknown,7.0,97.0,0.0,DISTRICT,South West,Rural,39,2,0,"27,322",143676.0,"77,342","66,334",153.66,935.0,,,,,,,,,,,,,,,,,,,,,,,,,,,,,,,,,,,,,,,,,,,,,,,,,,,,,,,,,,,,,,,,,,,,,,,
Unknown,7.0,97.0,0.0,DISTRICT,South West,Total,39,2,19,"4,94,439",2292958.0,"12,46,046","10,46,912",421.0,5446.0,,,,,,,,,,,,,,,,,,,,,,,,,,,,,,,,,,,,,,,,,,,,,,,,,,,,,,,,,,,,,,,,,,,,,,,
Unknown,7.0,97.0,0.0,DISTRICT,South West,Urban,0,0,19,"4,67,117",2149282.0,"11,68,704","9,80,578",267.34,8040.0,,,,,,,,,,,,,,,,,,,,,,,,,,,,,,,,,,,,,,,,,,,,,,,,,,,,,,,,,,,,,,,,,,,,,,,
Uttar Pradesh,9.0,139.0,0.0,DISTRICT,Baghpat,Rural,290,25,0,"1,64,494",1028023.0,"5,53,807","4,74,216",1271.92,808.0,,,,,,,,,,,,,,,,,,,,,,,,,,,,,,,,,,,,,,,,,,,,,,,,,,,,,,,,,,,,,,,,,,,,,,,
Uttar Pradesh,9.0,139.0,0.0,DISTRICT,Baghpat,Total,290,25,8,"2,09,916",1303048.0,"7,00,070","6,02,978",1321.0,986.0,,,,,,,,,,,,,,,,,,,,,,,,,,,,,,,,,,,,,,,,,,,,,,,,,,,,,,,,,,,,,,,,,,,,,,,
Uttar Pradesh,9.0,139.0,0.0,DISTRICT,Baghpat,Urban,0,0,8,"45,422",275025.0,"1,46,263","1,28,762",49.08,5604.0,,,,,,,,,,,,,,,,,,,,,,,,,,,,,,,,,,,,,,,,,,,,,,,,,,,,,,,,,,,,,,,,,,,,,,,
Uttar Pradesh,9.0,142.0,0.0,DISTRICT,Bulandshahr ,Rural,"1,174",68,0,"4,40,668",2631742.0,"13,90,490","12,41,252",4338.49,607.0,,,,,,,,,,,,,,,,,,,,,,,,,,,,,,,,,,,,,,,,,,,,,,,,,,,,,,,,,,,,,,,,,,,,,,,
Uttar Pradesh,9.0,142.0,0.0,DISTRICT,Bulandshahr ,Total,"1,174",68,21,"5,87,529",3499171.0,"18,45,260","16,53,911",4512.0,776.0,,,,,,,,,,,,,,,,,,,,,,,,,,,,,,,,,,,,,,,,,,,,,,,,,,,,,,,,,,,,,,,,,,,,,,,
Uttar Pradesh,9.0,142.0,0.0,DISTRICT,Bulandshahr ,Urban,0,0,21,"1,46,861",867429.0,"4,54,770","4,12,659",173.51,4999.0,,,,,,,,,,,,,,,,,,,,,,,,,,,,,,,,,,,,,,,,,,,,,,,,,,,,,,,,,,,,,,,,,,,,,,,
Uttar Pradesh,9.0,141.0,0.0,DISTRICT,Gautam Buddha Nagar,Rural,304,16,0,"1,11,916",673806.0,"3,59,605","3,14,201",1093.85,616.0,,,,,,,,,,,,,,,,,,,,,,,,,,,,,,,,,,,,,,,,,,,,,,,,,,,,,,,,,,,,,,,,,,,,,,,
Uttar Pradesh,9.0,141.0,0.0,DISTRICT,Gautam Buddha Nagar,Total,304,16,13,"3,27,090",1648115.0,"8,90,214","7,57,901",1282.0,1286.0,,,,,,,,,,,,,,,,,,,,,,,,,,,,,,,,,,,,,,,,,,,,,,,,,,,,,,,,,,,,,,,,,,,,,,,
Uttar Pradesh,9.0,141.0,0.0,DISTRICT,Gautam Buddha Nagar,Urban,0,0,13,"2,15,174",974309.0,"5,30,609","4,43,700",188.15,5178.0,,,,,,,,,,,,,,,,,,,,,,,,,,,,,,,,,,,,,,,,,,,,,,,,,,,,,,,,,,,,,,,,,,,,,,,
Uttar Pradesh,9.0,140.0,0.0,DISTRICT,Ghaziabad,Rural,511,36,0,"2,48,050",1519098.0,"8,08,222","7,10,876",777.91,1953.0,,,,,,,,,,,,,,,,,,,,,,,,,,,,,,,,,,,,,,,,,,,,,,,,,,,,,,,,,,,,,,,,,,,,,,,
Uttar Pradesh,9.0,140.0,0.0,DISTRICT,Ghaziabad,Total,511,36,26,"8,50,676",4681645.0,"24,88,834","21,92,811",1179.0,3971.0,,,,,,,,,,,,,,,,,,,,,,,,,,,,,,,,,,,,,,,,,,,,,,,,,,,,,,,,,,,,,,,,,,,,,,,
Uttar Pradesh,9.0,140.0,0.0,DISTRICT,Ghaziabad,Urban,0,0,26,"6,02,626",3162547.0,"16,80,612","14,81,935",401.09,7885.0,,,,,,,,,,,,,,,,,,,,,,,,,,,,,,,,,,,,,,,,,,,,,,,,,,,,,,,,,,,,,,,,,,,,,,,
Uttar Pradesh,9.0,138.0,0.0,DISTRICT,Meerut,Rural,604,59,0,"2,71,679",1684507.0,"8,94,920","7,89,587",2300.83,732.0,,,,,,,,,,,,,,,,,,,,,,,,,,,,,,,,,,,,,,,,,,,,,,,,,,,,,,,,,,,,,,,,,,,,,,,
Uttar Pradesh,9.0,138.0,0.0,DISTRICT,Meerut,Total,604,59,18,"5,79,110",3443689.0,"18,25,743","16,17,946",2559.0,1346.0,,,,,,,,,,,,,,,,,,,,,,,,,,,,,,,,,,,,,,,,,,,,,,,,,,,,,,,,,,,,,,,,,,,,,,,
Uttar Pradesh,9.0,138.0,0.0,DISTRICT,Meerut,Urban,0,0,18,"3,07,431",1759182.0,"9,30,823","8,28,359",258.17,6814.0,,,,,,,,,,,,,,,,,,,,,,,,,,,,,,,,,,,,,,,,,,,,,,,,,,,,,,,,,,,,,,,,,,,,,,,
Uttar Pradesh,9.0,133.0,0.0,DISTRICT,Muzaffarnagar,Rural,880,139,0,"4,75,749",2952200.0,"15,65,004","13,87,196",3867.59,763.0,,,,,,,,,,,,,,,,,,,,,,,,,,,,,,,,,,,,,,,,,,,,,,,,,,,,,,,,,,,,,,,,,,,,,,,
Uttar Pradesh,9.0,133.0,0.0,DISTRICT,Muzaffarnagar,Total,880,139,27,"6,76,642",4143512.0,"21,93,434","19,50,078",4008.0,1034.0,,,,,,,,,,,,,,,,,,,,,,,,,,,,,,,,,,,,,,,,,,,,,,,,,,,,,,,,,,,,,,,,,,,,,,,
Uttar Pradesh,9.0,133.0,0.0,DISTRICT,Muzaffarnagar,Urban,0,0,27,"2,00,893",1191312.0,"6,28,430","5,62,882",140.41,8485.0,,,,,,,,,,,,,,,,,,,,,,,,,,,,,,,,,,,,,,,,,,,,,,,,,,,,,,,,,,,,,,,,,,,,,,,
Uttar Pradesh,9.0,139.0,736.0,SUB-DISTRICT,Baghpat,Rural,103,10,0,"52,797",329593.0,"1,76,900","1,52,693",430.59,765.0,,,,,,,,,,,,,,,,,,,,,,,,,,,,,,,,,,,,,,,,,,,,,,,,,,,,,,,,,,,,,,,,,,,,,,,
Uttar Pradesh,9.0,139.0,736.0,SUB-DISTRICT,Baghpat,Total,103,10,3,"64,795",404950.0,"2,16,540","1,88,410",436.81,927.0,,,,,,,,,,,,,,,,,,,,,,,,,,,,,,,,,,,,,,,,,,,,,,,,,,,,,,,,,,,,,,,,,,,,,,,
Uttar Pradesh,9.0,139.0,736.0,SUB-DISTRICT,Baghpat,Urban,0,0,3,"11,998",75357.0,"39,640","35,717",6.22,12115.0,,,,,,,,,,,,,,,,,,,,,,,,,,,,,,,,,,,,,,,,,,,,,,,,,,,,,,,,,,,,,,,,,,,,,,,
Uttar Pradesh,9.0,142.0,746.0,SUB-DISTRICT,Bulandshahr,Rural,239,7,0,"90,151",555629.0,"2,93,503","2,62,126",708.63,784.0,,,,,,,,,,,,,,,,,,,,,,,,,,,,,,,,,,,,,,,,,,,,,,,,,,,,,,,,,,,,,,,,,,,,,,,
Uttar Pradesh,9.0,142.0,746.0,SUB-DISTRICT,Bulandshahr,Total,239,7,4,"1,44,302",867941.0,"4,56,931","4,11,010",753.27,1152.0,,,,,,,,,,,,,,,,,,,,,,,,,,,,,,,,,,,,,,,,,,,,,,,,,,,,,,,,,,,,,,,,,,,,,,,
Uttar Pradesh,9.0,142.0,746.0,SUB-DISTRICT,Bulandshahr,Urban,0,0,4,"54,151",312312.0,"1,63,428","1,48,884",44.64,6996.0,,,,,,,,,,,,,,,,,,,,,,,,,,,,,,,,,,,,,,,,,,,,,,,,,,,,,,,,,,,,,,,,,,,,,,,
Uttar Pradesh,9.0,141.0,743.0,SUB-DISTRICT,Gautam Buddha Nagar,Rural,113,5,0,"29,893",184304.0,"98,340","85,964",298.94,617.0,,,,,,,,,,,,,,,,,,,,,,,,,,,,,,,,,,,,,,,,,,,,,,,,,,,,,,,,,,,,,,,,,,,,,,,
Uttar Pradesh,9.0,141.0,743.0,SUB-DISTRICT,Gautam Buddha Nagar,Total,113,5,4,"55,578",316790.0,"1,69,959","1,46,831",333.07,951.0,,,,,,,,,,,,,,,,,,,,,,,,,,,,,,,,,,,,,,,,,,,,,,,,,,,,,,,,,,,,,,,,,,,,,,,
Uttar Pradesh,9.0,141.0,743.0,SUB-DISTRICT,Gautam Buddha Nagar,Urban,0,0,4,"25,685",132486.0,"71,619","60,867",34.13,3882.0,,,,,,,,,,,,,,,,,,,,,,,,,,,,,,,,,,,,,,,,,,,,,,,,,,,,,,,,,,,,,,,,,,,,,,,
Uttar Pradesh,9.0,140.0,739.0,SUB-DISTRICT,Ghaziabad,Rural,72,6,0,"47,218",294358.0,"1,57,951","1,36,407",185.76,1585.0,,,,,,,,,,,,,,,,,,,,,,,,,,,,,,,,,,,,,,,,,,,,,,,,,,,,,,,,,,,,,,,,,,,,,,,
Uttar Pradesh,9.0,140.0,739.0,SUB-DISTRICT,Ghaziabad,Total,72,6,7,"5,19,804",2705849.0,"14,40,050","12,65,799",457.0,5921.0,,,,,,,,,,,,,,,,,,,,,,,,,,,,,,,,,,,,,,,,,,,,,,,,,,,,,,,,,,,,,,,,,,,,,,,
Uttar Pradesh,9.0,140.0,739.0,SUB-DISTRICT,Ghaziabad,Urban,0,0,7,"4,72,586",2411491.0,"12,82,099","11,29,392",271.24,8891.0,,,,,,,,,,,,,,,,,,,,,,,,,,,,,,,,,,,,,,,,,,,,,,,,,,,,,,,,,,,,,,,,,,,,,,,
Uttar Pradesh,9.0,140.0,740.0,SUB-DISTRICT,Hapur,Rural,202,13,0,"97,396",601309.0,"3,18,819","2,82,490",353.21,1702.0,,,,,,,,,,,,,,,,,,,,,,,,,,,,,,,,,,,,,,,,,,,,,,,,,,,,,,,,,,,,,,,,,,,,,,,
Uttar Pradesh,9.0,140.0,740.0,SUB-DISTRICT,Hapur,Total,202,13,3,"1,57,560",953480.0,"5,05,452","4,48,028",377.71,2524.0,,,,,,,,,,,,,,,,,,,,,,,,,,,,,,,,,,,,,,,,,,,,,,,,,,,,,,,,,,,,,,,,,,,,,,,
Uttar Pradesh,9.0,140.0,740.0,SUB-DISTRICT,Hapur,Urban,0,0,3,"60,164",352171.0,"1,86,633","1,65,538",24.5,14374.0,,,,,,,,,,,,,,,,,,,,,,,,,,,,,,,,,,,,,,,,,,,,,,,,,,,,,,,,,,,,,,,,,,,,,,,
Uttar Pradesh,9.0,138.0,734.0,SUB-DISTRICT,Meerut,Rural,208,13,0,"1,02,311",642009.0,"3,41,151","3,00,858",734.83,874.0,,,,,,,,,,,,,,,,,,,,,,,,,,,,,,,,,,,,,,,,,,,,,,,,,,,,,,,,,,,,,,,,,,,,,,,
Uttar Pradesh,9.0,138.0,734.0,SUB-DISTRICT,Meerut,Total,208,13,8,"3,61,302",2102157.0,"11,14,701","9,87,456",929.44,2262.0,,,,,,,,,,,,,,,,,,,,,,,,,,,,,,,,,,,,,,,,,,,,,,,,,,,,,,,,,,,,,,,,,,,,,,,
Uttar Pradesh,9.0,138.0,734.0,SUB-DISTRICT,Meerut,Urban,0,0,8,"2,58,991",1460148.0,"7,73,550","6,86,598",194.61,7503.0,,,,,,,,,,,,,,,,,,,,,,,,,,,,,,,,,,,,,,,,,,,,,,,,,,,,,,,,,,,,,,,,,,,,,,,
Uttar Pradesh,9.0,133.0,708.0,SUB-DISTRICT,Muzaffarnagar,Rural,235,31,0,"1,39,315",861606.0,"4,55,802","4,05,804",1001.28,861.0,,,,,,,,,,,,,,,,,,,,,,,,,,,,,,,,,,,,,,,,,,,,,,,,,,,,,,,,,,,,,,,,,,,,,,,
Uttar Pradesh,9.0,133.0,708.0,SUB-DISTRICT,Muzaffarnagar,Total,235,31,7,"2,34,160",1406843.0,"7,42,817","6,64,026",1044.93,1346.0,,,,,,,,,,,,,,,,,,,,,,,,,,,,,,,,,,,,,,,,,,,,,,,,,,,,,,,,,,,,,,,,,,,,,,,
Uttar Pradesh,9.0,133.0,708.0,SUB-DISTRICT,Muzaffarnagar,Urban,0,0,7,"94,845",545237.0,"2,87,015","2,58,222",43.65,12491.0,,,,,,,,,,,,,,,,,,,,,,,,,,,,,,,,,,,,,,,,,,,,,,,,,,,,,,,,,,,,,,,,,,,,,,,
Uttar Pradesh,9.0,133.0,707.0,SUB-DISTRICT,Shamli,Rural,134,1,0,"76,743",470882.0,"2,51,293","2,19,589",569.8,826.0,,,,,,,,,,,,,,,,,,,,,,,,,,,,,,,,,,,,,,,,,,,,,,,,,,,,,,,,,,,,,,,,,,,,,,,
Uttar Pradesh,9.0,133.0,707.0,SUB-DISTRICT,Shamli,Total,134,1,6,"1,13,304",687324.0,"3,66,378","3,20,946",610.46,1126.0,,,,,,,,,,,,,,,,,,,,,,,,,,,,,,,,,,,,,,,,,,,,,,,,,,,,,,,,,,,,,,,,,,,,,,,
Uttar Pradesh,9.0,133.0,707.0,SUB-DISTRICT,Shamli,Urban,0,0,6,"36,561",216442.0,"1,15,085","1,01,357",40.66,5323.0,,,,,,,,,,,,,,,,,,,,,,,,,,,,,,,,,,,,,,,,,,,,,,,,,,,,,,,,,,,,,,,,,,,,,,,
